{"cameraMode":{"drawMode":0,"name":"Shaded","section":"Shading Mode"},"sceneLighting":true,"audioPlay":false,"sceneViewState":{"showFog":true,"showMaterialUpdate":true,"showSkybox":true,"showFlares":true,"showImageEffects":true,"showParticleSystems":true},"in2DMode":false,"pivot":{"x":-0.8878674507141113,"y":2.5886645317077638,"z":-4.135611534118652},"rotation":{"x":-0.005124442279338837,"y":0.9826630353927612,"z":-0.026823176071047784,"w":-0.18399961292743684},"size":19.994556427001954,"orthographic":false}