{"cameraMode":{"drawMode":0,"name":"Shaded","section":"Shading Mode"},"sceneLighting":false,"audioPlay":false,"sceneViewState":{"showFog":true,"showMaterialUpdate":false,"showSkybox":false,"showFlares":true,"showImageEffects":true,"showParticleSystems":true},"in2DMode":false,"pivot":{"x":0.10755246877670288,"y":0.9689669609069824,"z":0.18862181901931764},"rotation":{"x":-0.0007596100913360715,"y":0.9991512894630432,"z":-0.021294619888067247,"w":-0.035682640969753268},"size":7.1808037757873539,"orthographic":false}