{"cameraMode":{"drawMode":0,"name":"Shaded","section":"Shading Mode"},"sceneLighting":false,"audioPlay":false,"sceneViewState":{"showFog":true,"showMaterialUpdate":false,"showSkybox":false,"showFlares":true,"showImageEffects":true,"showParticleSystems":true},"in2DMode":false,"pivot":{"x":-0.20282739400863648,"y":0.9063043594360352,"z":0.26397716999053957},"rotation":{"x":-0.0007596100913360715,"y":0.9991512894630432,"z":-0.021294619888067247,"w":-0.035682640969753268},"size":8.799030303955079,"orthographic":false}