{"cameraMode":{"drawMode":0,"name":"Shaded","section":"Shading Mode"},"sceneLighting":false,"audioPlay":false,"sceneViewState":{"showFog":true,"showMaterialUpdate":false,"showSkybox":false,"showFlares":true,"showImageEffects":true,"showParticleSystems":true},"in2DMode":false,"pivot":{"x":0.0037737488746643068,"y":1.3466007709503174,"z":-0.08419597148895264},"rotation":{"x":-0.0007596100913360715,"y":0.9991512894630432,"z":-0.021294619888067247,"w":-0.035682640969753268},"size":4.8221330642700199,"orthographic":false}