{"cameraMode":{"drawMode":0,"name":"Shaded","section":"Shading Mode"},"sceneLighting":true,"audioPlay":false,"sceneViewState":{"showFog":true,"showMaterialUpdate":true,"showSkybox":true,"showFlares":true,"showImageEffects":true,"showParticleSystems":true},"in2DMode":false,"pivot":{"x":0.014127016067504883,"y":2.901883840560913,"z":-0.7210416793823242},"rotation":{"x":0.006627846043556929,"y":0.9918627738952637,"z":0.057781096547842029,"w":-0.11357662826776505},"size":12.882533073425293,"orthographic":false}