{"cameraMode":{"drawMode":0,"name":"Shaded","section":"Shading Mode"},"sceneLighting":false,"audioPlay":false,"sceneViewState":{"showFog":false,"showMaterialUpdate":false,"showSkybox":false,"showFlares":false,"showImageEffects":false,"showParticleSystems":false},"in2DMode":false,"pivot":{"x":0.02799999713897705,"y":0.34599998593330386,"z":0.08000001311302185},"rotation":{"x":0.1561436951160431,"y":0.6216703057289124,"z":-0.12774735689163209,"w":0.7570778727531433},"size":1.7320507764816285,"orthographic":false}