{"cameraMode":{"drawMode":0,"name":"Shaded","section":"Shading Mode"},"sceneLighting":false,"audioPlay":false,"sceneViewState":{"showFog":false,"showMaterialUpdate":false,"showSkybox":false,"showFlares":false,"showImageEffects":false,"showParticleSystems":false},"in2DMode":false,"pivot":{"x":-1.0334820747375489,"y":1.158921241760254,"z":-5.051177501678467},"rotation":{"x":0.13449910283088685,"y":-0.5782427191734314,"z":0.09789634495973587,"w":0.7989383339881897},"size":4.263499736785889,"orthographic":false}