{"cameraMode":{"drawMode":0,"name":"Shaded","section":"Shading Mode"},"sceneLighting":false,"audioPlay":false,"sceneViewState":{"showFog":false,"showMaterialUpdate":false,"showSkybox":false,"showFlares":false,"showImageEffects":false,"showParticleSystems":false},"in2DMode":false,"pivot":{"x":-0.009969610720872879,"y":0.2006295621395111,"z":-2.146282196044922},"rotation":{"x":-0.000326718291034922,"y":0.9973586797714233,"z":-0.07404632866382599,"w":-0.010887793265283108},"size":4.302358627319336,"orthographic":false}