{"cameraMode":{"drawMode":0,"name":"Shaded","section":"Shading Mode"},"sceneLighting":false,"audioPlay":false,"sceneViewState":{"showFog":false,"showMaterialUpdate":false,"showSkybox":false,"showFlares":false,"showImageEffects":false,"showParticleSystems":false},"in2DMode":false,"pivot":{"x":-1.056640625,"y":3.4188232421875,"z":1.366455078125},"rotation":{"x":0.09496724605560303,"y":0.8272934556007385,"z":-0.5337791442871094,"w":0.14720046520233155},"size":6.632196426391602,"orthographic":true}