{"cameraMode":{"drawMode":0,"name":"Shaded","section":"Shading Mode"},"sceneLighting":false,"audioPlay":false,"sceneViewState":{"showFog":false,"showMaterialUpdate":false,"showSkybox":false,"showFlares":false,"showImageEffects":false,"showParticleSystems":false},"in2DMode":false,"pivot":{"x":-1.0617913007736207,"y":0.5838048458099365,"z":-0.2945833206176758},"rotation":{"x":-0.14491498470306397,"y":0.09378650039434433,"z":-0.01418690662831068,"w":-0.9850591421127319},"size":2.7634999752044679,"orthographic":false}