{"cameraMode":{"drawMode":0,"name":"Shaded","section":"Shading Mode"},"sceneLighting":false,"audioPlay":false,"sceneViewState":{"showFog":false,"showMaterialUpdate":false,"showSkybox":false,"showFlares":false,"showImageEffects":false,"showParticleSystems":false},"in2DMode":false,"pivot":{"x":0.0000017881393432617188,"y":0.5997123718261719,"z":-0.02606046199798584},"rotation":{"x":-0.10955203324556351,"y":0.0014989308547228575,"z":-0.020243633538484575,"w":-0.9937894940376282},"size":1.2576173543930054,"orthographic":false}