{"cameraMode":{"drawMode":0,"name":"Shaded","section":"Shading Mode"},"sceneLighting":false,"audioPlay":false,"sceneViewState":{"showFog":false,"showMaterialUpdate":false,"showSkybox":false,"showFlares":false,"showImageEffects":false,"showParticleSystems":false},"in2DMode":false,"pivot":{"x":0.6025810241699219,"y":0.3335828185081482,"z":8.512353897094727},"rotation":{"x":0.040670495480298999,"y":-0.9595726132392883,"z":0.20836175978183747,"w":0.18537288904190064},"size":2.2348923683166506,"orthographic":true}