{"cameraMode":{"drawMode":0,"name":"Shaded","section":"Shading Mode"},"sceneLighting":false,"audioPlay":false,"sceneViewState":{"showFog":false,"showMaterialUpdate":false,"showSkybox":false,"showFlares":false,"showImageEffects":false,"showParticleSystems":false},"in2DMode":false,"pivot":{"x":2.0434317588806154,"y":-0.4944201707839966,"z":1.7080097198486329},"rotation":{"x":0.0067878165282309059,"y":-0.9833930730819702,"z":0.17804718017578126,"w":0.03913731873035431},"size":2.5747878551483156,"orthographic":false}