{"cameraMode":{"drawMode":0,"name":"Shaded","section":"Shading Mode"},"sceneLighting":false,"audioPlay":false,"sceneViewState":{"showFog":false,"showMaterialUpdate":false,"showSkybox":false,"showFlares":false,"showImageEffects":false,"showParticleSystems":false},"in2DMode":false,"pivot":{"x":-0.0000010728836059570313,"y":0.6108922958374023,"z":-1.6391277313232423e-7},"rotation":{"x":-0.01829203963279724,"y":-0.9812650084495544,"z":0.14980968832969666,"w":-0.11980406939983368},"size":0.6417371034622192,"orthographic":true}