{"cameraMode":{"drawMode":0,"name":"Shaded","section":"Shading Mode"},"sceneLighting":false,"audioPlay":false,"sceneViewState":{"showFog":false,"showMaterialUpdate":false,"showSkybox":false,"showFlares":false,"showImageEffects":false,"showParticleSystems":false},"in2DMode":false,"pivot":{"x":-0.30328837037086489,"y":-0.9652824401855469,"z":0.7722825407981873},"rotation":{"x":0.22520916163921357,"y":-0.4716443419456482,"z":0.12597237527370454,"w":0.8431870937347412},"size":2.9120874404907228,"orthographic":true}