{"cameraMode":{"drawMode":0,"name":"Shaded","section":"Shading Mode"},"sceneLighting":false,"audioPlay":false,"sceneViewState":{"showFog":false,"showMaterialUpdate":false,"showSkybox":false,"showFlares":false,"showImageEffects":false,"showParticleSystems":false},"in2DMode":false,"pivot":{"x":0.9497518539428711,"y":3.9551405906677248,"z":-0.3266427516937256},"rotation":{"x":-0.10921221226453781,"y":-0.8500168919563294,"z":0.19358816742897035,"w":-0.47792696952819826},"size":5.486575603485107,"orthographic":false}