{"cameraMode":{"drawMode":0,"name":"Shaded","section":"Shading Mode"},"sceneLighting":false,"audioPlay":false,"sceneViewState":{"showFog":false,"showMaterialUpdate":false,"showSkybox":false,"showFlares":false,"showImageEffects":false,"showParticleSystems":false},"in2DMode":false,"pivot":{"x":-1.7735884189605713,"y":6.996878623962402,"z":13.82957649230957},"rotation":{"x":-0.0799805074930191,"y":-0.029899081215262414,"z":-0.0024001009296625854,"w":0.9963458776473999},"size":13.468714714050293,"orthographic":false}