{"cameraMode":{"drawMode":0,"name":"Shaded","section":"Shading Mode"},"sceneLighting":false,"audioPlay":false,"sceneViewState":{"showFog":false,"showMaterialUpdate":false,"showSkybox":false,"showFlares":false,"showImageEffects":false,"showParticleSystems":false},"in2DMode":false,"pivot":{"x":-0.26577091217041018,"y":0.5961804389953613,"z":0.1767566204071045},"rotation":{"x":-0.18812301754951478,"y":0.35233616828918459,"z":-0.07286946475505829,"w":-0.9140560030937195},"size":2.358400344848633,"orthographic":false}