{"cameraMode":{"drawMode":0,"name":"Shaded","section":"Shading Mode"},"sceneLighting":false,"audioPlay":false,"sceneViewState":{"showFog":false,"showMaterialUpdate":false,"showSkybox":false,"showFlares":false,"showImageEffects":false,"showParticleSystems":false},"in2DMode":false,"pivot":{"x":11.173110961914063,"y":-12.889774322509766,"z":-26.845458984375},"rotation":{"x":0.04699757322669029,"y":0.9520975351333618,"z":-0.2339012771844864,"w":0.19131210446357728},"size":25.683666229248048,"orthographic":false}