{"cameraMode":{"drawMode":0,"name":"Shaded","section":"Shading Mode"},"sceneLighting":false,"audioPlay":false,"sceneViewState":{"showFog":false,"showMaterialUpdate":false,"showSkybox":false,"showFlares":false,"showImageEffects":false,"showParticleSystems":false},"in2DMode":false,"pivot":{"x":0.7684106826782227,"y":0.9892101287841797,"z":0.7805652618408203},"rotation":{"x":0.12410371750593186,"y":-0.8551034331321716,"z":0.3732375204563141,"w":0.337785929441452},"size":10.576790809631348,"orthographic":false}