{"cameraMode":{"drawMode":0,"name":"Shaded","section":"Shading Mode"},"sceneLighting":false,"audioPlay":false,"sceneViewState":{"showFog":false,"showMaterialUpdate":false,"showSkybox":false,"showFlares":false,"showImageEffects":false,"showParticleSystems":false},"in2DMode":false,"pivot":{"x":2.384185791015625e-7,"y":0.0,"z":0.721337080001831},"rotation":{"x":0.023410554975271226,"y":-0.7560693025588989,"z":0.026548905298113824,"w":0.6536929607391357},"size":1.5217796564102173,"orthographic":true}