{"cameraMode":{"drawMode":0,"name":"Shaded","section":"Shading Mode"},"sceneLighting":true,"audioPlay":false,"sceneViewState":{"showFog":false,"showMaterialUpdate":false,"showSkybox":false,"showFlares":false,"showImageEffects":false,"showParticleSystems":false},"in2DMode":false,"pivot":{"x":-0.05200004577636719,"y":2.203399658203125,"z":0.07800006866455078},"rotation":{"x":-0.018021022900938989,"y":-0.9796483516693115,"z":0.09932580590248108,"w":-0.17446760833263398},"size":12.12435531616211,"orthographic":false}