{"cameraMode":{"drawMode":0,"name":"Shaded","section":"Shading Mode"},"sceneLighting":false,"audioPlay":false,"sceneViewState":{"showFog":false,"showMaterialUpdate":false,"showSkybox":false,"showFlares":false,"showImageEffects":false,"showParticleSystems":false},"in2DMode":false,"pivot":{"x":-6.7798027992248539,"y":11.906481742858887,"z":9.71169662475586},"rotation":{"x":0.09318223595619202,"y":0.4424697458744049,"z":-0.046032145619392398,"w":0.8909376859664917},"size":10.0,"orthographic":false}