{"cameraMode":{"drawMode":0,"name":"Shaded","section":"Shading Mode"},"sceneLighting":false,"audioPlay":false,"sceneViewState":{"showFog":false,"showMaterialUpdate":false,"showSkybox":false,"showFlares":false,"showImageEffects":false,"showParticleSystems":false},"in2DMode":false,"pivot":{"x":0.2727212905883789,"y":2.8945703506469728,"z":-1.99342942237854},"rotation":{"x":0.3326953947544098,"y":-0.6176967620849609,"z":0.37034446001052859,"w":0.6087837815284729},"size":12.25633430480957,"orthographic":false}