{"cameraMode":{"drawMode":0,"name":"Shaded","section":"Shading Mode"},"sceneLighting":false,"audioPlay":false,"sceneViewState":{"showFog":false,"showMaterialUpdate":false,"showSkybox":false,"showFlares":false,"showImageEffects":false,"showParticleSystems":false},"in2DMode":false,"pivot":{"x":-0.016942275688052179,"y":0.23317289352416993,"z":1.6839849948883057},"rotation":{"x":-0.10955203324556351,"y":0.0014989308547228575,"z":-0.020243633538484575,"w":-0.9937894940376282},"size":4.092861652374268,"orthographic":false}