{"cameraMode":{"drawMode":0,"name":"Shaded","section":"Shading Mode"},"sceneLighting":false,"audioPlay":false,"sceneViewState":{"showFog":false,"showMaterialUpdate":false,"showSkybox":false,"showFlares":false,"showImageEffects":false,"showParticleSystems":false},"in2DMode":false,"pivot":{"x":-2.1212329864501955,"y":-0.5586433410644531,"z":-1.5153017044067383},"rotation":{"x":0.12410371750593186,"y":-0.8551034331321716,"z":0.3732375204563141,"w":0.337785929441452},"size":10.174047470092774,"orthographic":false}