{"cameraMode":{"drawMode":0,"name":"Shaded","section":"Shading Mode"},"sceneLighting":false,"audioPlay":false,"sceneViewState":{"showFog":false,"showMaterialUpdate":false,"showSkybox":false,"showFlares":false,"showImageEffects":false,"showParticleSystems":false},"in2DMode":false,"pivot":{"x":0.176055908203125,"y":5.044926166534424,"z":-0.6418190002441406},"rotation":{"x":0.008064123801887036,"y":0.7542051672935486,"z":-0.6567059755325317,"w":0.00985829159617424},"size":39.17221450805664,"orthographic":true}