{"cameraMode":{"drawMode":0,"name":"Shaded","section":"Shading Mode"},"sceneLighting":false,"audioPlay":false,"sceneViewState":{"showFog":false,"showMaterialUpdate":false,"showSkybox":false,"showFlares":false,"showImageEffects":false,"showParticleSystems":false},"in2DMode":false,"pivot":{"x":-0.1430652141571045,"y":0.0,"z":-0.14719164371490479},"rotation":{"x":0.023410554975271226,"y":-0.7560693025588989,"z":0.026548905298113824,"w":0.6536929607391357},"size":5.393009662628174,"orthographic":true}