{"cameraMode":{"drawMode":0,"name":"Shaded","section":"Shading Mode"},"sceneLighting":false,"audioPlay":false,"sceneViewState":{"showFog":false,"showMaterialUpdate":false,"showSkybox":false,"showFlares":false,"showImageEffects":false,"showParticleSystems":false},"in2DMode":false,"pivot":{"x":-0.0001125335693359375,"y":-1.036926507949829,"z":-0.0169832706451416},"rotation":{"x":0.20610958337783814,"y":-0.0525033101439476,"z":0.011081048287451268,"w":0.9770651459693909},"size":4.787108421325684,"orthographic":true}