{"cameraMode":{"drawMode":0,"name":"Shaded","section":"Shading Mode"},"sceneLighting":false,"audioPlay":false,"sceneViewState":{"showFog":false,"showMaterialUpdate":false,"showSkybox":false,"showFlares":false,"showImageEffects":false,"showParticleSystems":false},"in2DMode":false,"pivot":{"x":3.181631088256836,"y":-3.558494806289673,"z":3.512579917907715},"rotation":{"x":0.10809048265218735,"y":0.6188798546791077,"z":-0.08651816099882126,"w":0.7731889486312866},"size":6.317239761352539,"orthographic":false}