{"cameraMode":{"drawMode":0,"name":"Shaded","section":"Shading Mode"},"sceneLighting":false,"audioPlay":false,"sceneViewState":{"showFog":false,"showMaterialUpdate":false,"showSkybox":false,"showFlares":false,"showImageEffects":false,"showParticleSystems":false},"in2DMode":false,"pivot":{"x":18.528484344482423,"y":-2.085195541381836,"z":29.52785873413086},"rotation":{"x":-0.04674729332327843,"y":-0.2917368412017822,"z":0.014276554808020592,"w":-0.9552503228187561},"size":24.20370864868164,"orthographic":false}