{"cameraMode":{"drawMode":0,"name":"Shaded","section":"Shading Mode"},"sceneLighting":false,"audioPlay":false,"sceneViewState":{"showFog":false,"showMaterialUpdate":false,"showSkybox":false,"showFlares":false,"showImageEffects":false,"showParticleSystems":false},"in2DMode":false,"pivot":{"x":0.3432975113391876,"y":-0.24716728925704957,"z":-0.7237155437469482},"rotation":{"x":0.02534261904656887,"y":0.9584575891494751,"z":-0.2705093324184418,"w":0.0889013409614563},"size":0.9538349509239197,"orthographic":false}