{"cameraMode":{"drawMode":0,"name":"Shaded","section":"Shading Mode"},"sceneLighting":false,"audioPlay":false,"sceneViewState":{"showFog":false,"showMaterialUpdate":false,"showSkybox":false,"showFlares":false,"showImageEffects":false,"showParticleSystems":false},"in2DMode":false,"pivot":{"x":-0.8670265674591065,"y":3.8807592391967775,"z":-0.4098743200302124},"rotation":{"x":-0.02582790143787861,"y":-0.9622655510902405,"z":0.09849374741315842,"w":-0.2523707151412964},"size":6.005114555358887,"orthographic":true}