{"cameraMode":{"drawMode":0,"name":"Shaded","section":"Shading Mode"},"sceneLighting":false,"audioPlay":false,"sceneViewState":{"showFog":false,"showMaterialUpdate":false,"showSkybox":false,"showFlares":false,"showImageEffects":false,"showParticleSystems":false},"in2DMode":false,"pivot":{"x":0.13299942016601563,"y":1.6100006103515626,"z":0.0},"rotation":{"x":-0.9725571870803833,"y":0.026319844648241998,"z":0.13804663717746736,"w":0.18542695045471192},"size":50.59891128540039,"orthographic":false}