{"cameraMode":{"drawMode":0,"name":"Shaded","section":"Shading Mode"},"sceneLighting":false,"audioPlay":false,"sceneViewState":{"showFog":false,"showMaterialUpdate":false,"showSkybox":false,"showFlares":false,"showImageEffects":false,"showParticleSystems":false},"in2DMode":false,"pivot":{"x":0.11275887489318848,"y":1.1367366313934327,"z":0.1834118366241455},"rotation":{"x":-0.020884284749627115,"y":0.8331833481788635,"z":-0.03186582401394844,"w":-0.5520102381706238},"size":2.338637351989746,"orthographic":false}