{"cameraMode":{"drawMode":0,"name":"Shaded","section":"Shading Mode"},"sceneLighting":false,"audioPlay":false,"sceneViewState":{"showFog":false,"showMaterialUpdate":false,"showSkybox":false,"showFlares":false,"showImageEffects":false,"showParticleSystems":false},"in2DMode":false,"pivot":{"x":-0.1033163070678711,"y":1.374298095703125,"z":1.0625576972961426},"rotation":{"x":-0.020884284749627115,"y":0.8331833481788635,"z":-0.03186582401394844,"w":-0.5520102381706238},"size":2.0583624839782717,"orthographic":false}