{"cameraMode":{"drawMode":0,"name":"Shaded","section":"Shading Mode"},"sceneLighting":false,"audioPlay":false,"sceneViewState":{"showFog":false,"showMaterialUpdate":false,"showSkybox":false,"showFlares":false,"showImageEffects":false,"showParticleSystems":false},"in2DMode":false,"pivot":{"x":-2.689847469329834,"y":-0.2341632843017578,"z":2.1407406330108644},"rotation":{"x":0.09318223595619202,"y":0.4424697458744049,"z":-0.046032145619392398,"w":0.8909376859664917},"size":3.8925678730010988,"orthographic":false}