{"cameraMode":{"drawMode":0,"name":"Shaded","section":"Shading Mode"},"sceneLighting":false,"audioPlay":false,"sceneViewState":{"showFog":false,"showMaterialUpdate":false,"showSkybox":false,"showFlares":false,"showImageEffects":false,"showParticleSystems":false},"in2DMode":false,"pivot":{"x":-0.008896559476852417,"y":0.4818769693374634,"z":0.24017825722694398},"rotation":{"x":0.007175950333476067,"y":-0.9421342015266419,"z":0.3347485065460205,"w":0.01987510547041893},"size":3.050287961959839,"orthographic":true}