{"cameraMode":{"drawMode":0,"name":"Shaded","section":"Shading Mode"},"sceneLighting":false,"audioPlay":false,"sceneViewState":{"showFog":false,"showMaterialUpdate":false,"showSkybox":false,"showFlares":false,"showImageEffects":false,"showParticleSystems":false},"in2DMode":false,"pivot":{"x":-5.706962585449219,"y":69.18748474121094,"z":31.987937927246095},"rotation":{"x":-0.07283806800842285,"y":-0.6382174491882324,"z":-0.06093794107437134,"w":0.7640966773033142},"size":85.91439819335938,"orthographic":true}