{"cameraMode":{"drawMode":0,"name":"Shaded","section":"Shading Mode"},"sceneLighting":false,"audioPlay":false,"sceneViewState":{"showFog":false,"showMaterialUpdate":false,"showSkybox":false,"showFlares":false,"showImageEffects":false,"showParticleSystems":false},"in2DMode":false,"pivot":{"x":0.14763957262039185,"y":2.0239062309265138,"z":6.744289398193359},"rotation":{"x":-0.020884284749627115,"y":0.8331833481788635,"z":-0.03186582401394844,"w":-0.5520102381706238},"size":0.866025447845459,"orthographic":false}