{"cameraMode":{"drawMode":0,"name":"Shaded","section":"Shading Mode"},"sceneLighting":false,"audioPlay":false,"sceneViewState":{"showFog":false,"showMaterialUpdate":false,"showSkybox":false,"showFlares":false,"showImageEffects":false,"showParticleSystems":false},"in2DMode":false,"pivot":{"x":1.8993929624557496,"y":0.5370706915855408,"z":0.4718492031097412},"rotation":{"x":0.012856663204729557,"y":0.9859136343002319,"z":-0.08504457026720047,"w":0.14462320506572724},"size":3.007394790649414,"orthographic":false}