{"cameraMode":{"drawMode":0,"name":"Shaded","section":"Shading Mode"},"sceneLighting":false,"audioPlay":false,"sceneViewState":{"showFog":false,"showMaterialUpdate":false,"showSkybox":false,"showFlares":false,"showImageEffects":false,"showParticleSystems":false},"in2DMode":false,"pivot":{"x":8.667089462280274,"y":-3.346029281616211,"z":-11.314346313476563},"rotation":{"x":0.06370633840560913,"y":0.9259005188941956,"z":-0.17741632461547852,"w":0.3279809057712555},"size":11.305339813232422,"orthographic":false}