{"cameraMode":{"drawMode":0,"name":"Shaded","section":"Shading Mode"},"sceneLighting":false,"audioPlay":false,"sceneViewState":{"showFog":false,"showMaterialUpdate":false,"showSkybox":false,"showFlares":false,"showImageEffects":false,"showParticleSystems":false},"in2DMode":false,"pivot":{"x":-7.198556900024414,"y":-3.652615547180176,"z":-12.653642654418946},"rotation":{"x":0.0359952412545681,"y":-0.9598786234855652,"z":0.14595302939414979,"w":0.23672594130039216},"size":8.815082550048829,"orthographic":false}