{"cameraMode":{"drawMode":0,"name":"Shaded","section":"Shading Mode"},"sceneLighting":false,"audioPlay":false,"sceneViewState":{"showFog":false,"showMaterialUpdate":false,"showSkybox":false,"showFlares":false,"showImageEffects":false,"showParticleSystems":false},"in2DMode":false,"pivot":{"x":6.018747329711914,"y":1.2906169891357422,"z":4.83482551574707},"rotation":{"x":-0.42541396617889407,"y":0.5166859030723572,"z":-0.33094096183776858,"w":-0.6655244827270508},"size":4.0886359214782719,"orthographic":false}