{"cameraMode":{"drawMode":0,"name":"Shaded","section":"Shading Mode"},"sceneLighting":false,"audioPlay":false,"sceneViewState":{"showFog":false,"showMaterialUpdate":false,"showSkybox":false,"showFlares":false,"showImageEffects":false,"showParticleSystems":false},"in2DMode":false,"pivot":{"x":-0.005514033138751984,"y":0.034308336675167087,"z":-0.0037521347403526308},"rotation":{"x":-0.21450547873973847,"y":0.10641027241945267,"z":-0.023518336936831476,"w":-0.970630943775177},"size":0.2637041509151459,"orthographic":true}