{"cameraMode":{"drawMode":0,"name":"Shaded","section":"Shading Mode"},"sceneLighting":false,"audioPlay":false,"sceneViewState":{"showFog":false,"showMaterialUpdate":false,"showSkybox":false,"showFlares":false,"showImageEffects":false,"showParticleSystems":false},"in2DMode":false,"pivot":{"x":8.344650268554688e-7,"y":0.31604239344596865,"z":1.043081283569336e-7},"rotation":{"x":-0.21450547873973847,"y":0.10641027241945267,"z":-0.023518336936831476,"w":-0.970630943775177},"size":0.5685560703277588,"orthographic":true}