{"cameraMode":{"drawMode":0,"name":"Shaded","section":"Shading Mode"},"sceneLighting":false,"audioPlay":false,"sceneViewState":{"showFog":false,"showMaterialUpdate":false,"showSkybox":false,"showFlares":false,"showImageEffects":false,"showParticleSystems":false},"in2DMode":false,"pivot":{"x":-4.463390350341797,"y":-2.006838798522949,"z":3.88541316986084},"rotation":{"x":0.22720299661159516,"y":-0.550225019454956,"z":0.159248486161232,"w":0.7877629399299622},"size":5.258312702178955,"orthographic":false}