{"cameraMode":{"drawMode":0,"name":"Shaded","section":"Shading Mode"},"sceneLighting":false,"audioPlay":false,"sceneViewState":{"showFog":false,"showMaterialUpdate":false,"showSkybox":false,"showFlares":false,"showImageEffects":false,"showParticleSystems":false},"in2DMode":false,"pivot":{"x":-13.79934310913086,"y":-9.35800552368164,"z":-7.260578632354736},"rotation":{"x":-0.10612699389457703,"y":0.8615133762359619,"z":-0.20192767679691316,"w":-0.45400291681289675},"size":13.134237289428711,"orthographic":false}