{"cameraMode":{"drawMode":0,"name":"Shaded","section":"Shading Mode"},"sceneLighting":false,"audioPlay":false,"sceneViewState":{"showFog":false,"showMaterialUpdate":false,"showSkybox":false,"showFlares":false,"showImageEffects":false,"showParticleSystems":false},"in2DMode":false,"pivot":{"x":-2.384185791015625e-7,"y":1.9038591384887696,"z":-0.062486231327056888},"rotation":{"x":0.012856663204729557,"y":0.9859136343002319,"z":-0.08504457026720047,"w":0.14462320506572724},"size":3.439711570739746,"orthographic":false}