{"cameraMode":{"drawMode":0,"name":"Shaded","section":"Shading Mode"},"sceneLighting":false,"audioPlay":false,"sceneViewState":{"showFog":false,"showMaterialUpdate":false,"showSkybox":false,"showFlares":false,"showImageEffects":false,"showParticleSystems":false},"in2DMode":false,"pivot":{"x":0.33180856704711916,"y":3.385460376739502,"z":0.3165271282196045},"rotation":{"x":-0.07471635937690735,"y":0.49310410022735598,"z":-0.04260546341538429,"w":-0.8659119009971619},"size":1.766031265258789,"orthographic":false}