{"cameraMode":{"drawMode":0,"name":"Shaded","section":"Shading Mode"},"sceneLighting":false,"audioPlay":false,"sceneViewState":{"showFog":false,"showMaterialUpdate":false,"showSkybox":false,"showFlares":false,"showImageEffects":false,"showParticleSystems":false},"in2DMode":false,"pivot":{"x":-0.8884122371673584,"y":3.666044235229492,"z":-0.9796926975250244},"rotation":{"x":-0.03789575397968292,"y":-0.6679562926292419,"z":0.034098610281944278,"w":-0.7424631118774414},"size":7.032177925109863,"orthographic":true}