{"cameraMode":{"drawMode":0,"name":"Shaded","section":"Shading Mode"},"sceneLighting":false,"audioPlay":false,"sceneViewState":{"showFog":false,"showMaterialUpdate":false,"showSkybox":false,"showFlares":false,"showImageEffects":false,"showParticleSystems":false},"in2DMode":false,"pivot":{"x":0.8556647300720215,"y":0.967743992805481,"z":-4.181645393371582},"rotation":{"x":-0.36723068356513979,"y":-0.42995592951774599,"z":0.19711288809776307,"w":-0.8009141087532044},"size":10.0,"orthographic":true}