{"cameraMode":{"drawMode":0,"name":"Shaded","section":"Shading Mode"},"sceneLighting":false,"audioPlay":false,"sceneViewState":{"showFog":false,"showMaterialUpdate":false,"showSkybox":false,"showFlares":false,"showImageEffects":false,"showParticleSystems":false},"in2DMode":false,"pivot":{"x":0.08429241180419922,"y":3.3718631267547609,"z":0.421975314617157},"rotation":{"x":0.012856663204729557,"y":0.9859136343002319,"z":-0.08504457026720047,"w":0.14462320506572724},"size":2.1593353748321535,"orthographic":false}