{"cameraMode":{"drawMode":0,"name":"Shaded","section":"Shading Mode"},"sceneLighting":false,"audioPlay":false,"sceneViewState":{"showFog":false,"showMaterialUpdate":false,"showSkybox":false,"showFlares":false,"showImageEffects":false,"showParticleSystems":false},"in2DMode":false,"pivot":{"x":-1.3701403141021729,"y":3.8810253143310549,"z":0.9135487079620361},"rotation":{"x":0.2781665623188019,"y":-0.6349196434020996,"z":0.26322054862976076,"w":0.6709915995597839},"size":6.617064476013184,"orthographic":true}