{"cameraMode":{"drawMode":0,"name":"Shaded","section":"Shading Mode"},"sceneLighting":false,"audioPlay":false,"sceneViewState":{"showFog":false,"showMaterialUpdate":false,"showSkybox":false,"showFlares":false,"showImageEffects":false,"showParticleSystems":false},"in2DMode":false,"pivot":{"x":0.0034044981002807619,"y":0.91391921043396,"z":0.07766717672348023},"rotation":{"x":-0.10955203324556351,"y":0.0014989308547228575,"z":-0.020243633538484575,"w":-0.9937894940376282},"size":1.5080007314682007,"orthographic":false}