{"cameraMode":{"drawMode":0,"name":"Shaded","section":"Shading Mode"},"sceneLighting":false,"audioPlay":false,"sceneViewState":{"showFog":false,"showMaterialUpdate":false,"showSkybox":false,"showFlares":false,"showImageEffects":false,"showParticleSystems":false},"in2DMode":false,"pivot":{"x":1.1883059740066529,"y":-1.0535473823547364,"z":3.6041817665100099},"rotation":{"x":0.16782830655574799,"y":0.009351282380521298,"z":-0.0012524760095402599,"w":0.9859434366226196},"size":3.063499927520752,"orthographic":false}