{"cameraMode":{"drawMode":0,"name":"Shaded","section":"Shading Mode"},"sceneLighting":false,"audioPlay":false,"sceneViewState":{"showFog":false,"showMaterialUpdate":false,"showSkybox":false,"showFlares":false,"showImageEffects":false,"showParticleSystems":false},"in2DMode":false,"pivot":{"x":-0.030439767986536027,"y":0.21887829899787904,"z":-0.0677761435508728},"rotation":{"x":-0.0002848549047484994,"y":0.9937624335289002,"z":-0.11288027465343476,"w":-0.0058228205889463429},"size":0.5465426445007324,"orthographic":false}