{"cameraMode":{"drawMode":0,"name":"Shaded","section":"Shading Mode"},"sceneLighting":false,"audioPlay":false,"sceneViewState":{"showFog":false,"showMaterialUpdate":false,"showSkybox":false,"showFlares":false,"showImageEffects":false,"showParticleSystems":false},"in2DMode":false,"pivot":{"x":2.954266309738159,"y":0.1879768967628479,"z":-0.28322237730026247},"rotation":{"x":0.06269507855176926,"y":0.7104306817054749,"z":-0.06316931545734406,"w":0.6983596086502075},"size":2.4635000228881838,"orthographic":false}