{"cameraMode":{"drawMode":0,"name":"Shaded","section":"Shading Mode"},"sceneLighting":false,"audioPlay":false,"sceneViewState":{"showFog":false,"showMaterialUpdate":false,"showSkybox":false,"showFlares":false,"showImageEffects":false,"showParticleSystems":false},"in2DMode":false,"pivot":{"x":0.0967245101928711,"y":1.1051359176635743,"z":0.13959205150604249},"rotation":{"x":-0.020884284749627115,"y":0.8331833481788635,"z":-0.03186582401394844,"w":-0.5520102381706238},"size":2.1162166595458986,"orthographic":false}