{"cameraMode":{"drawMode":0,"name":"Shaded","section":"Shading Mode"},"sceneLighting":false,"audioPlay":false,"sceneViewState":{"showFog":false,"showMaterialUpdate":false,"showSkybox":false,"showFlares":false,"showImageEffects":false,"showParticleSystems":false},"in2DMode":false,"pivot":{"x":-0.0005636662244796753,"y":-3.725290298461914e-9,"z":0.0},"rotation":{"x":-0.014450572431087494,"y":-0.9845085740089417,"z":0.14876502752304078,"w":-0.09362318366765976},"size":0.17913883924484254,"orthographic":true}