{"cameraMode":{"drawMode":0,"name":"Shaded","section":"Shading Mode"},"sceneLighting":true,"audioPlay":false,"sceneViewState":{"showFog":false,"showMaterialUpdate":false,"showSkybox":false,"showFlares":false,"showImageEffects":false,"showParticleSystems":false},"in2DMode":false,"pivot":{"x":12.283889770507813,"y":-1.4091796875,"z":-18.959228515625},"rotation":{"x":0.0890180841088295,"y":0.8552424311637878,"z":-0.4874965250492096,"w":0.1528017520904541},"size":4.701021671295166,"orthographic":true}