{"cameraMode":{"drawMode":0,"name":"Shaded","section":"Shading Mode"},"sceneLighting":false,"audioPlay":false,"sceneViewState":{"showFog":false,"showMaterialUpdate":false,"showSkybox":false,"showFlares":false,"showImageEffects":false,"showParticleSystems":false},"in2DMode":false,"pivot":{"x":0.000002205371856689453,"y":0.82747882604599,"z":0.0},"rotation":{"x":-0.01829203963279724,"y":-0.9812650084495544,"z":0.14980968832969666,"w":-0.11980406939983368},"size":0.8463424444198608,"orthographic":true}