{"cameraMode":{"drawMode":0,"name":"Shaded","section":"Shading Mode"},"sceneLighting":false,"audioPlay":false,"sceneViewState":{"showFog":false,"showMaterialUpdate":false,"showSkybox":false,"showFlares":false,"showImageEffects":false,"showParticleSystems":false},"in2DMode":false,"pivot":{"x":0.021509647369384767,"y":3.7234866619110109,"z":0.017255783081054689},"rotation":{"x":0.012856663204729557,"y":0.9859136343002319,"z":-0.08504457026720047,"w":0.14462320506572724},"size":6.356749057769775,"orthographic":false}