{"cameraMode":{"drawMode":0,"name":"Shaded","section":"Shading Mode"},"sceneLighting":false,"audioPlay":false,"sceneViewState":{"showFog":false,"showMaterialUpdate":false,"showSkybox":false,"showFlares":false,"showImageEffects":false,"showParticleSystems":false},"in2DMode":false,"pivot":{"x":-1.0303025245666505,"y":0.3124758005142212,"z":0.370479941368103},"rotation":{"x":0.10656583309173584,"y":-0.8674193024635315,"z":0.2115476280450821,"w":0.4379913806915283},"size":1.2538349628448487,"orthographic":false}