{"cameraMode":{"drawMode":0,"name":"Shaded","section":"Shading Mode"},"sceneLighting":true,"audioPlay":false,"sceneViewState":{"showFog":false,"showMaterialUpdate":false,"showSkybox":false,"showFlares":false,"showImageEffects":false,"showParticleSystems":false},"in2DMode":false,"pivot":{"x":-1.8599998950958253,"y":4.0,"z":0.3400001525878906},"rotation":{"x":0.006734340451657772,"y":0.9813323616981506,"z":-0.1892419010400772,"w":0.035550087690353397},"size":4.773334980010986,"orthographic":true}