{"cameraMode":{"drawMode":0,"name":"Shaded","section":"Shading Mode"},"sceneLighting":false,"audioPlay":false,"sceneViewState":{"showFog":false,"showMaterialUpdate":false,"showSkybox":false,"showFlares":false,"showImageEffects":false,"showParticleSystems":false},"in2DMode":false,"pivot":{"x":0.4914398193359375,"y":0.8236236572265625,"z":-0.0009765625},"rotation":{"x":-0.00028508773539215326,"y":0.992776095867157,"z":-0.002380632096901536,"w":-0.12043703347444534},"size":0.9715582728385925,"orthographic":true}