{"cameraMode":{"drawMode":0,"name":"Shaded","section":"Shading Mode"},"sceneLighting":false,"audioPlay":false,"sceneViewState":{"showFog":false,"showMaterialUpdate":false,"showSkybox":false,"showFlares":false,"showImageEffects":false,"showParticleSystems":false},"in2DMode":false,"pivot":{"x":0.0000029802322387695314,"y":0.63859623670578,"z":0.000024646520614624023},"rotation":{"x":-0.016497842967510225,"y":0.028919745236635209,"z":0.0003646773111540824,"w":0.9995128512382507},"size":2.3663392066955568,"orthographic":true}