{"cameraMode":{"drawMode":0,"name":"Shaded","section":"Shading Mode"},"sceneLighting":false,"audioPlay":false,"sceneViewState":{"showFog":false,"showMaterialUpdate":false,"showSkybox":false,"showFlares":false,"showImageEffects":false,"showParticleSystems":false},"in2DMode":false,"pivot":{"x":0.16677320003509522,"y":0.91391921043396,"z":-0.10038220882415772},"rotation":{"x":-0.008759608492255211,"y":0.9765198826789856,"z":-0.042604319751262668,"w":-0.21169519424438477},"size":2.1205313205718996,"orthographic":true}