{"cameraMode":{"drawMode":0,"name":"Shaded","section":"Shading Mode"},"sceneLighting":false,"audioPlay":false,"sceneViewState":{"showFog":false,"showMaterialUpdate":false,"showSkybox":false,"showFlares":false,"showImageEffects":false,"showParticleSystems":false},"in2DMode":false,"pivot":{"x":-0.000001817941665649414,"y":0.6396723985671997,"z":1.7881393432617188e-7},"rotation":{"x":-0.21450547873973847,"y":0.10641027241945267,"z":-0.023518336936831476,"w":-0.970630943775177},"size":0.9138750433921814,"orthographic":true}