{"cameraMode":{"drawMode":0,"name":"Shaded","section":"Shading Mode"},"sceneLighting":false,"audioPlay":false,"sceneViewState":{"showFog":false,"showMaterialUpdate":false,"showSkybox":false,"showFlares":false,"showImageEffects":false,"showParticleSystems":false},"in2DMode":false,"pivot":{"x":-3.39603328704834,"y":1.1884866952896119,"z":2.904513359069824},"rotation":{"x":-0.07019372284412384,"y":0.6395849585533142,"z":-0.059451911598443988,"w":-0.7634090781211853},"size":3.7987453937530519,"orthographic":false}