{"cameraMode":{"drawMode":0,"name":"Shaded","section":"Shading Mode"},"sceneLighting":false,"audioPlay":false,"sceneViewState":{"showFog":false,"showMaterialUpdate":false,"showSkybox":false,"showFlares":false,"showImageEffects":false,"showParticleSystems":false},"in2DMode":false,"pivot":{"x":-0.21000003814697267,"y":2.3500001430511476,"z":0.4099998474121094},"rotation":{"x":-0.14491498470306397,"y":0.09378650039434433,"z":-0.01418690662831068,"w":-0.9850591421127319},"size":12.12435531616211,"orthographic":false}