{"cameraMode":{"drawMode":0,"name":"Shaded","section":"Shading Mode"},"sceneLighting":false,"audioPlay":false,"sceneViewState":{"showFog":false,"showMaterialUpdate":false,"showSkybox":false,"showFlares":false,"showImageEffects":false,"showParticleSystems":false},"in2DMode":false,"pivot":{"x":-2.520942211151123,"y":-5.489412307739258,"z":-0.5203629732131958},"rotation":{"x":0.20610958337783814,"y":-0.0525033101439476,"z":0.011081048287451268,"w":0.9770651459693909},"size":5.156361103057861,"orthographic":true}