{"cameraMode":{"drawMode":0,"name":"Shaded","section":"Shading Mode"},"sceneLighting":false,"audioPlay":false,"sceneViewState":{"showFog":false,"showMaterialUpdate":false,"showSkybox":false,"showFlares":false,"showImageEffects":false,"showParticleSystems":false},"in2DMode":false,"pivot":{"x":-14.829362869262696,"y":-2.554081916809082,"z":-4.834737777709961},"rotation":{"x":-0.04500492662191391,"y":0.7701026797294617,"z":-0.054985202848911288,"w":-0.6342414617538452},"size":11.207338333129883,"orthographic":false}