{"cameraMode":{"drawMode":0,"name":"Shaded","section":"Shading Mode"},"sceneLighting":false,"audioPlay":false,"sceneViewState":{"showFog":false,"showMaterialUpdate":false,"showSkybox":false,"showFlares":false,"showImageEffects":false,"showParticleSystems":false},"in2DMode":false,"pivot":{"x":-2.0909180641174318,"y":3.3883190155029299,"z":-0.350374698638916},"rotation":{"x":-0.05287861078977585,"y":0.20021934807300569,"z":-0.010822932235896588,"w":-0.9782726764678955},"size":6.99049711227417,"orthographic":true}