{"cameraMode":{"drawMode":0,"name":"Shaded","section":"Shading Mode"},"sceneLighting":false,"audioPlay":false,"sceneViewState":{"showFog":false,"showMaterialUpdate":false,"showSkybox":false,"showFlares":false,"showImageEffects":false,"showParticleSystems":false},"in2DMode":false,"pivot":{"x":-45.06566619873047,"y":2.787109375,"z":40.875186920166019},"rotation":{"x":-0.5613126158714294,"y":0.1546432375907898,"z":-0.10771457105875015,"w":-0.8058611154556274},"size":2.7503693103790285,"orthographic":true}