{"cameraMode":{"drawMode":0,"name":"Shaded","section":"Shading Mode"},"sceneLighting":true,"audioPlay":false,"sceneViewState":{"showFog":false,"showMaterialUpdate":false,"showSkybox":false,"showFlares":false,"showImageEffects":false,"showParticleSystems":false},"in2DMode":false,"pivot":{"x":-0.7451467514038086,"y":0.948920726776123,"z":1.4429526329040528},"rotation":{"x":-0.03532307222485542,"y":0.8128319382667542,"z":-0.04956131428480148,"w":-0.5793117880821228},"size":5.599405288696289,"orthographic":true}