{"cameraMode":{"drawMode":0,"name":"Shaded","section":"Shading Mode"},"sceneLighting":false,"audioPlay":false,"sceneViewState":{"showFog":false,"showMaterialUpdate":false,"showSkybox":false,"showFlares":false,"showImageEffects":false,"showParticleSystems":false},"in2DMode":false,"pivot":{"x":0.6774919033050537,"y":3.864651918411255,"z":2.2444167137145998},"rotation":{"x":-0.10165774077177048,"y":0.12222599238157273,"z":-0.012632139027118683,"w":-0.9873801469802856},"size":1.6977508068084717,"orthographic":false}